{
  "n_clusters": 10,
  "inertia": 10558451.953406153,
  "feature_names": [
    "distance_km",
    "duration_minutes",
    "pace",
    "average_cadence",
    "average_heartrate"
  ],
  "centroids": [
    [
      38.618773946360264,
      236.3228879310346,
      6.310397509578546,
      173.02873563218398,
      147.1072796934865
    ],
    [
      10.404718309859202,
      66.89241273729272,
      6.302293325168401,
      165.39895897121858,
      140.34905082669928
    ],
    [
      48.372440944881916,
      599.8048346456658,
      12.087519685039371,
      154.68188976377945,
      132.43622047244088
    ],
    [
      46.46638830897705,
      353.24814196242147,
      7.429832985386222,
      164.9881697981906,
      140.19763395963815
    ],
    [
      46.8564655172414,
      490.32293103448296,
      10.353750000000002,
      157.61206896551718,
      135.17456896551727
    ],
    [
      20.657605469886533,
      135.14070992144318,
      6.527611288914752,
      169.63543788187368,
      143.72505091649688
    ],
    [
      44.37392550143274,
      300.28206876790847,
      6.897042979942694,
      168.84699140401145,
      144.47851002865332
    ],
    [
      5.76005125919276,
      29.736059728102617,
      5.085725429017161,
      173.49320258524642,
      145.9830621796301
    ],
    [
      47.01764705882353,
      417.9557239819007,
      8.733246606334843,
      164.55429864253387,
      141.2002262443439
    ],
    [
      49.03929618768331,
      703.0369501466264,
      12.221319648093846,
      150.75659824046915,
      127.1202346041056
    ]
  ],
  "metric": "euclidean"
}